Ahackerrnn0,57.30398702191845,0.4711736327685586
Thycerr2$,46.88508029066055,0.9512295730897924
Ehhccckaaaaaaaa,78.14180048443424,0.951358530539659
Ahyneerman001*,72.93234711880531,0.9529561904870614
Ehackkrrman0@,67.72289375317635,0.4487300357741855
Pningrr1118$,62.5134403875474,0.9514676380186924
Ahaee777!,46.88508029066055,0.4565288989918949
Phaccca1a1**,62.5134403875474,0.4526564792343307
kpyppp,31.2567201937737,0.24413005444344868
Eh4ceermmmmm1@,72.93234711880531,0.47711525110970293
kkleej777,46.88508029066055,0.47698609919540474
Ahyner0000!,57.30398702191845,0.9512996584534961
lllllllckkeemmm,78.14180048443424,0.9505937010091898
Ehinjrr1112@,62.5134403875474,0.952916010729334
Ahacckrra,46.88508029066055,0.9450183434725313
Ahacerr222*%,62.5134403875474,0.4574989378919582
7ppp77kkk22!,62.5134403875474,0.9521741115453938
lllllllekee7222,78.14180048443424,0.9510658149992612
Thaccca1110!,62.5134403875474,0.9507718510522122
Ehackerranna*@,72.93234711880531,0.9504602413930003
kkhypjr,36.466173559402655,0.9156273866534083
Ehacccaaymann*@,78.14180048443424,0.9298798894740921
777yyekk,41.6756269250316,0.9442617560862585
Aninj221*,46.88508029066055,0.9514445661729403
Pcacerr1008@,62.5134403875474,0.9490338813718808
Thacea0770**,62.5134403875474,0.23663316620210106
Ehackermann01**,78.14180048443424,0.9513195153657662
Thynjr11!,46.88508029066055,0.9489341676666656
Ehinj1114$,52.0945336562895,0.9530043669093461
Phyber00009*,62.5134403875474,0.4539467784478522
77777pppkkk,57.30398702191845,7.485794760786734e-06
Tleeg777@,46.88508029066055,0.24272059450639585
77llllllekk77mm,78.14180048443424,0.11324801872905832
Pninjja0*,46.88508029066055,0.9509130972751806
llllllckkeemm22,78.14180048443424,0.9505922565992345
Ehacccr1maa1*@,72.93234711880531,0.12070685159262418
Phhcckaaaaaa@,67.72289375317635,0.45981058366350164
Ehhcccaaaaaaa1@,78.14180048443424,0.9507994359795382
Thinjj11*,46.88508029066055,0.4711335158071653
7777i7kko22!!!!,78.14180048443424,0.23520484385632717
Ehacccaaaaaaaa1,78.14180048443424,0.9352250222169102
Ehaccaarrmnnn1*,78.14180048443424,0.47105465751143477
bbbbg2274@,52.0945336562895,0.4614242837901517
llllcckkeoo111,72.93234711880531,0.2345349808488823
Eninnra0000*,62.5134403875474,0.23592836025207897
7hhypk7772!,57.30398702191845,0.9490349437167924
Tbleeo708@,52.0945336562895,0.24508668042087817
lllllllleeeeeem,78.14180048443424,0.9290391234415676
Alpa777777,52.0945336562895,0.12093742864251777
Abingo2,36.466173559402655,0.2435437043573244
lcleee777798@,67.72289375317635,0.47115623638341897
Ehacccaaaann*@,72.93234711880531,0.4614761402566218
Ehhacceraan@,62.5134403875474,0.2332553349338105
Phacccrr130,57.30398702191845,0.4537102217857953
k77777777kkkkr2,78.14180048443424,0.4573619588397984
Pcacer178!,52.0945336562895,0.9206163348832482
Aninjaa@,41.6756269250316,0.9364827562423744
Pccccer!,41.6756269250316,0.029403627467860103
77777kkk7722@,67.72289375317635,0.06025928488954189
Allen777778,57.30398702191845,0.05961782165908958
Pbabet11088*,62.5134403875474,0.4724633017899364
Thykkk1r2,46.88508029066055,0.029988462350313477
Pcccerr!,41.6756269250316,0.06067183151239755
Abingo1%,41.6756269250316,0.9489601646968703
Ahacckkrmann@,67.72289375317635,0.1122337602807996
lllllllleeeeeem,78.14180048443424,0.9290391234415676
Ahhyperr2,46.88508029066055,0.9424455074008763
Ehacckr111*@,62.5134403875474,0.9332697772271372
77777777kkkkk,67.72289375317635,1.1400407110629331e-10
Phacerr000*!,62.5134403875474,0.9415461870637544
Ahhceerr77,52.0945336562895,0.9513339576016793
Ananj7777@,52.0945336562895,0.9531028373613092
Tbinja209@,52.0945336562895,0.9531180817019517
Ehhyckk7118@,62.5134403875474,0.060185159905473996
Thylerr770**,62.5134403875474,0.46138373315322045
Ehacerrmnnnaaa2,78.14180048443424,0.45592306429216145
Elhackkraaaam@,72.93234711880531,0.4539814734183815
hick7r77,41.6756269250316,0.9266004410855072
Ehh44kermmaaa@,72.93234711880531,0.45944492924845104
kkyperr,36.466173559402655,0.23352168498388162
Tbingo777*!,57.30398702191845,0.47241622957403295
lll44eeermmmm,67.72289375317635,0.46178247118956184
AAippg,31.2567201937737,0.4589534963722428
Eh44keaaaa118@,72.93234711880531,0.951325656222787
Ehhackkraaaa@,67.72289375317635,0.9433394252645614
2777kk,31.2567201937737,0.2335629930378743
Ahaeer777*,52.0945336562895,0.9506858660864694
Ahinnra0000*$,67.72289375317635,0.9353661634884094
Ehackkaaa1111*@,78.14180048443424,0.11205356599950933
Ehacckrraa1111*,78.14180048443424,0.4711490970855085
Plack70099_,57.30398702191845,0.9403667102979089
Tlee777009@,57.30398702191845,0.24304822553035868
Abing22%,41.6756269250316,0.029720392183478314
77777llllekkk77,78.14180048443424,0.003795364225467701
Thhinjja$,46.88508029066055,0.9510939620859272
7hi4kk7777@,57.30398702191845,0.9507331905996532
Thineraa7777$,67.72289375317635,0.060402695174394304
Tninjja77@,52.0945336562895,0.4729958356629355
Pninja224!,52.0945336562895,0.47263556207237106
Aleet27$,41.6756269250316,0.12009514243354717
Acacer077,46.88508029066055,0.9353696469456534
7lll7ekk7000@%,72.93234711880531,0.9515592724486801
tnninjjo0019,62.5134403875474,0.9397685878407159
khypk7777,46.88508029066055,0.4770052734321011
Ehacknranna1118,78.14180048443424,0.9350451493544214
Allepppp,41.6756269250316,0.45745701727449234
AAlyeer77%,52.0945336562895,0.45968204093534176
Eninjr1228%,57.30398702191845,0.9353262624423385
777777lleekkrrm,78.14180048443424,0.9446792881861125
Tlypj,26.04726682814475,0.9514224198548367
Ehyccc0001*!!,67.72289375317635,0.9506057984890548
Thinera$,41.6756269250316,0.11823404936679575
Ehinnna0000$,62.5134403875474,0.9515299697555468
Eh44eermmmmmm@,72.93234711880531,0.0037627634628494347
77777777kk77222,78.14180048443424,0.47711439138673717
77777777kk772,67.72289375317635,0.45724222211349536
kkhyper,36.466173559402655,0.9156038528957654
ellllllleeeeeee,78.14180048443424,0.4754078621122133
hi4k77*,36.466173559402655,0.24275932875371617
Ehacckkraannaa1,78.14180048443424,0.9423967576793109
777777nnnnnjjg2,78.14180048443424,0.9156616965747271
Aninja774%,52.0945336562895,0.9514119564540762
Ehacccaammnn*,67.72289375317635,0.9500038121967543
Thyypp,31.2567201937737,0.11696046891846816
Acyee77778*,57.30398702191845,0.9513585605366899
777777777eeee72,78.14180048443424,0.23305418495808627
bee7774444,52.0945336562895,0.9433760583266412
Thickrrr22,52.0945336562895,0.11640422584923138
7777777lfkkkkk,72.93234711880531,0.9525314016801106
7lllllllleeeeee,78.14180048443424,0.9446774364767399
77777777kg77222,78.14180048443424,0.4770414100897544
llllinkk222!,62.5134403875474,0.9504319620546815
ccleeng777788,67.72289375317635,0.47540406808302765
Ahackrr720**,62.5134403875474,0.9513201597934214
Abint00000*,57.30398702191845,0.9264150542103264
7nnnnnnjjj720,67.72289375317635,0.4492311631253509
Ehacckaaaan111*,78.14180048443424,0.9266674317787329
Ehacckrrmann11*,78.14180048443424,0.12094010406141688
hyckkkaaaaa@,62.5134403875474,0.9485902788716879
Ehaccgrmnna111@,78.14180048443424,0.12072540706631948
Tbcfer77_4,52.0945336562895,0.9334044078752277
777lllllllleeee,78.14180048443424,1.4821015783553908e-05
77777kk77@,52.0945336562895,0.0602581868257882
Ehackkaaaaaaa@,72.93234711880531,0.4537447783459662
Ahyper10!,46.88508029066055,0.45631465912811064
Ahackkrman1001!,78.14180048443424,0.11901908215852297
77lllllleeeeeee,78.14180048443424,0.9513073452759941
!!cacerr2!,52.0945336562895,0.9507406219008249
7777777777kkkg7,78.14180048443424,0.0018678356504674791
Ehhackkraaaaaa@,78.14180048443424,0.945298129287015
mppypp,31.2567201937737,0.4615325164196171
Pccafer02!,52.0945336562895,0.9449992488335711
chhacckraa1118@,78.14180048443424,0.06024502615998998
Ehinkr111@!,57.30398702191845,0.11696673487910361
Pbacbb00088*,62.5134403875474,0.9202329255489909
lllllllleeeee72,78.14180048443424,0.940568474689231
Ahaperr!,41.6756269250316,0.9512318930310761
Ehacnnrnaa1111*,78.14180048443424,0.9424456328176454
Ahyperr7,41.6756269250316,0.24521818467380274
Tcccfe7799%,57.30398702191845,0.4726087694896815
Ehacckrranna0*@,78.14180048443424,0.9447841577283846
77iiii7ggkkgg2m,78.14180048443424,0.45631856616631117
Tbybgo77@,46.88508029066055,0.24293001803193665
llllcckro1111@,72.93234711880531,0.9508548213999707
khyckerr2,46.88508029066055,0.45737742621296734
77777777kkg7222,78.14180048443424,0.4533330084380645
Ahacckrma12*,62.5134403875474,0.23592907917424769
k7hi4kk7,41.6756269250316,0.9508948754507939
Thacer100%,52.0945336562895,0.9512358409499221
777777kkk7774,67.72289375317635,0.2351943480856566
khhyckk019@,57.30398702191845,0.24526024393311915
rmajjn,31.2567201937737,0.2440983556475717
Phacckaaaa1an*@,78.14180048443424,0.47300335212628075
Thack777aaa1*,67.72289375317635,0.4615482948003823
Ehhcckraaaaaaa1,78.14180048443424,0.23601064331432461
Thycc77777**,62.5134403875474,0.9425124783567976
Ehackkrrman77@,72.93234711880531,0.45269509511708955
777ii4kk,41.6756269250316,0.4496754830554609
llllllleeeeeee2,78.14180048443424,0.9402794472887904
tnnnnjtoo001@,67.72289375317635,0.4595470116557578
77hi4kkk,41.6756269250316,0.9508631725068402
Aninja100*,52.0945336562895,0.4596348988212451
llllllcekeo2202,78.14180048443424,0.9500475990044047
Thaceer77%,52.0945336562895,0.46149639523391733
Thacerr100**,62.5134403875474,0.951376277754634
chacccc1111@,62.5134403875474,0.1200587212869026
Pnninkgo1111@,67.72289375317635,0.9534660535671454
Acacer000@,52.0945336562895,0.9442226224628989
777777llllleeee,78.14180048443424,0.9513047413713209
kkppyyp,36.466173559402655,0.4597818775748521
lh44ke7aaa1*,62.5134403875474,0.9444047301290551
m77ypk,31.2567201937737,0.24335469228941245
llllllllleeeeee,78.14180048443424,0.4754078621122133
AAnaanj77,46.88508029066055,0.935290463875474
llh44eermmmmm,67.72289375317635,0.9530002827431879
Ehackkrmnnn111*,78.14180048443424,0.9423131604939335
Ehinkj114*!,57.30398702191845,0.2365896747731365
7777kkk,36.466173559402655,7.485867022021509e-06
Pbingoo77*,52.0945336562895,0.9508641753166183
lli4k777@,46.88508029066055,0.950760762410214
Tleet777,41.6756269250316,0.4597810899922499
Ehackerraaaaaam,78.14180048443424,0.941581992181629
khyper,31.2567201937737,0.2427185271894423
Ehhackeraaaaaa1,78.14180048443424,0.4601502552630887
Thacee77$,46.88508029066055,0.9507931009153526
Ehacckrrann00@,72.93234711880531,0.11348953774630702
k77777y7kkkk,62.5134403875474,0.4769357358032272
Ahyperr77*,52.0945336562895,0.9506854429880416
Ahaccerr22!,57.30398702191845,0.030074887860404804
Ahyner10%,46.88508029066055,0.9425388883872676
Phinj774$,46.88508029066055,0.4615445697073609
Ahyner777,46.88508029066055,0.9352798472006276
Ehaccaaayman*@,72.93234711880531,0.948548461979388
Ehacckrmannn1*@,78.14180048443424,0.12072328134967153
Tninj774$,46.88508029066055,0.9510728200965746
Eh44kermmma11@,72.93234711880531,0.9441697873689844
Elacc00008$,57.30398702191845,0.45339425266782324
Ehacckkrran*,62.5134403875474,0.12009887005738767
Eninnrr1000*,62.5134403875474,0.23592836025128713
Ahype2777!,52.0945336562895,0.45137641210050894
Pccafee0!!,52.0945336562895,0.02985867404745811
Thaccca1000*,62.5134403875474,0.45745826495312025
Ahyper777*$,57.30398702191845,0.4726275791362171
oan77777,41.6756269250316,0.9405101925669801
khhh4cke7221@@,72.93234711880531,0.9481542062689117
Ahacer77!,46.88508029066055,0.45630037788284966
llllllleeeeemm2,78.14180048443424,0.2351314006161719
Tli4e711@,46.88508029066055,0.24282768854601822
Ehhackkraa1118@,78.14180048443424,0.9452578587057352
Ehhackeranaaa@,72.93234711880531,0.9506923729482343
Aleeg,26.04726682814475,0.9423131227821357
Eh4nkermmm118*$,78.14180048443424,0.2426903830896446
Eleet777!,46.88508029066055,0.9425420408099282
T4yego24!,46.88508029066055,0.9490234481841422
eel777777700018,78.14180048443424,0.4565252797062375
77777777kkkg77m,78.14180048443424,0.11345015061057503
mllfccktoo10@,67.72289375317635,0.46021160842999975
Phhacker777,57.30398702191845,0.9485487849256141
Tcafer778*,52.0945336562895,0.9514013926602085
7lllllllleeeeee,78.14180048443424,0.9446774364767399
lllllllllleeeee,78.14180048443424,0.47505705379350266
0hack000099@,62.5134403875474,0.920562406141185
7hikkrr,36.466173559402655,0.4616256888867473
Tcyeee2,36.466173559402655,0.950909289990052
Ehackermnnnaaa1,78.14180048443424,0.9485451794870449
0hackcaa111@,62.5134403875474,0.4726052603224569
Pcacer7778*4,62.5134403875474,0.9449964469233652
Ahhyceerr7,52.0945336562895,0.23575970835883162
k777lllllekkee2,78.14180048443424,0.4533591792233785
Alpeppp,36.466173559402655,0.9415656341299689
Tninjaa77*,52.0945336562895,0.24509805030304546
Aninjr122*,52.0945336562895,0.9505970888501729
nnnnnnjj20001@,72.93234711880531,0.9425302714471435
777777kk7722%T,72.93234711880531,0.4592908878813074
7lllllllleeeeee,78.14180048443424,0.9446774364767399
Ehackkraaaaaa11,78.14180048443424,0.9486916558040114
Ehhackkraaaaaa@,78.14180048443424,0.945298129287015
lhi4ee7aa4@,57.30398702191845,0.45747773911207734
Ahyper77%,46.88508029066055,0.9425015995951592
Pbingr100!,52.0945336562895,0.9351809949901326
Tha4kka11$,52.0945336562895,0.9506123244064875
Phinj7114$,52.0945336562895,0.24268986362627212
Alyper@,36.466173559402655,0.4615427776545242
llllllllleeeeee,78.14180048443424,0.4754078621122133
Phacccc1111@,62.5134403875474,0.1207233884730222
k7lllllllleeeee,78.14180048443424,0.9510896053865371
77lllllllleeeee,78.14180048443424,0.9442133654430623
777llllekkgg72m,78.14180048443424,0.4527634788284826
Thaccc11a12,57.30398702191845,0.02971446653963444
chhacckra1108@,72.93234711880531,0.9351433540641445
Pnanjaa109@,57.30398702191845,0.2426773762673926
k77lll7kkk7722,72.93234711880531,0.4771122752978904
7haak77122@,57.30398702191845,0.45751308487583797
Ehaccaaaanan111,78.14180048443424,0.9424067165156038
Thaccc1100@,57.30398702191845,0.932951917528244
Ehhackkaaa118@,72.93234711880531,0.9334698636382232
llllileermmmmm@,78.14180048443424,0.9515438123679211
Aoggg207770028$,78.14180048443424,0.4557769163020962
nnnnnnnjgo0001@,78.14180048443424,0.24508853340143114
Ehacckka1@,52.0945336562895,0.4770184512612055
lllllceker210@%,78.14180048443424,0.12076171293516742
lhh44eermmmm@,67.72289375317635,0.9489244804812227
Elinjr@,36.466173559402655,0.4564674139709306
Ahhckerrn0,52.0945336562895,0.06056462904949957
Anajj22$,41.6756269250316,0.45278249892324474
Eninnr1223_,57.30398702191845,0.24301881002376566
Aninja777!,52.0945336562895,0.2368520948480658
Phinjja000*,57.30398702191845,0.9353001828297469
Ahyper@,36.466173559402655,0.4615739669788168
klllllekk72222,72.93234711880531,0.9515145218357346
Ehackgrann1111*,78.14180048443424,0.9504165264200799
klllllckk77222@,78.14180048443424,0.9425300639555816
Ahhyperr@!,52.0945336562895,0.459857969637766
Tcacer777*%,57.30398702191845,0.24513627381410516
Pninjaa224,52.0945336562895,0.9486528182525762
Ehi4krrm114@,62.5134403875474,0.9451227710917035
sbooa220009s,62.5134403875474,0.951511555823438
Eh44kermm111@,67.72289375317635,0.44922100866526293
Ehackermnnaaaa1,78.14180048443424,0.9504088965173406
Ehacckrranaaaa*,78.14180048443424,0.4711001268709307
Thyper7777*!,62.5134403875474,0.9513000293931735
llllllllllleeee,78.14180048443424,7.462233978909919e-06
Ehhacccaaaaaa11,78.14180048443424,0.243541470035439
22222222nnnnnne,78.14180048443424,0.9497808624807765
77777777kkkkkr,72.93234711880531,0.9254281411403893
Tbycer12@,46.88508029066055,0.24284807663370633
mlllnnceeeoo000,78.14180048443424,0.4565263441510557
Pninja2224_,57.30398702191845,0.9202388293348265
Ahaper12$,46.88508029066055,0.45714686097661134
Anint2*!,41.6756269250316,0.4571497092443482
Ehhackkaaaa111@,78.14180048443424,0.9203352073239819
AAAiigg777008$,72.93234711880531,0.4599335161971647
77777777llleeee,78.14180048443424,7.462233979051138e-06
llli4eermmmm@,67.72289375317635,0.949007386666515
7hhikkk711,52.0945336562895,0.23515827376880083
nnninjoo001@,62.5134403875474,0.9351913690270086
Pbaccb1008*4,62.5134403875474,0.9424933115031073
Aleet22*!,46.88508029066055,0.4564537135901192
Ehacknrann11111,78.14180048443424,0.9505716726781092
Ahyperr2,41.6756269250316,0.060564596873125515
bem2222777,52.0945336562895,0.9425919451805441
Acacer000!,52.0945336562895,0.029858589591772493
Ahhackerann%,62.5134403875474,0.9424950394763552
lllllllleeeeeee,78.14180048443424,1.732189642852112e-15
ypypj,26.04726682814475,0.9504319483617039
Ehackerrmnnaaaa,78.14180048443424,0.9514066750399224
Pcyeet000!,52.0945336562895,0.06018893024779343
Tleeeo2,36.466173559402655,0.03004614362781685
Ehaccc1103**4,67.72289375317635,0.06047720415547535
Ahape7777$,52.0945336562895,0.47702126881034723
AAlnnng7000018@,78.14180048443424,0.015034909820070184
khyner,31.2567201937737,0.2427184495352742
Thyccrr2!,46.88508029066055,0.9489580412528386
biog2777778%,62.5134403875474,0.12009890149124482
Ahyper77,41.6756269250316,0.950477308037736
Elinkr118$,52.0945336562895,0.4596739574302192
77777777777777k,78.14180048443424,0.4771129588432317
Alypj,26.04726682814475,0.47248832776246297
777444kkk,46.88508029066055,0.47700648174118015
7ggggggeeeeee22,78.14180048443424,0.9438235993675268
Pcace000019@,62.5134403875474,0.9489081761862818
7777kkk772**,62.5134403875474,0.23355988557776516
Ellyckkro1101%,72.93234711880531,0.9516137041283391
tnninntt222@,62.5134403875474,0.4756110215968514
77ggeeeeeeeeeee,78.14180048443424,0.233383341956304
lli4k7718@,52.0945336562895,0.12009432965196037
Phanjj111@,52.0945336562895,0.9490076468785578
777lllllkkk7222,78.14180048443424,1.4678605701629126e-05
Ahyngr00000%,62.5134403875474,0.4726269423652913
Thyperr2@,46.88508029066055,0.2428276987849399
khyperr,36.466173559402655,0.23335133839689384
cllcckero11018%,78.14180048443424,0.9529925868278345
Ehaccerr1000%,67.72289375317635,0.9266021666450435
Thi4e774@,46.88508029066055,0.24193796601460058
Ehhcckraaaaa118,78.14180048443424,0.459628669233135
7llllllleeeee72,78.14180048443424,0.45385482540130295
klllllckk7702@,72.93234711880531,0.9513254969720707
77777777yykkkkr,78.14180048443424,0.9497837386425536
m777777kk722!!!,78.14180048443424,0.44920031254054626
Anajj77@,41.6756269250316,0.9507991734816024
777777777kkg722,78.14180048443424,0.45732069217081883
Pccacee008!,57.30398702191845,0.0604027603945422
Aninj7*,36.466173559402655,0.9534793869775551
Thackkrmnnaaa11,78.14180048443424,0.9424426031616547
Thaccrr100%,57.30398702191845,0.9451204633133302
Phyper0000*,57.30398702191845,0.030072522672932013
Ehanggrmnn111@,72.93234711880531,0.47715074416983344
Tcacea00000**,67.72289375317635,0.47263014755250177
Ahackrr27,46.88508029066055,0.9352219011663347
llh44eermmmmm,67.72289375317635,0.9530002827431879
gg2227777k,52.0945336562895,0.4770864003323017
kkyppp,31.2567201937737,0.0009545218840282195
Thaccca110*!,62.5134403875474,0.9507883498947826
Ellice0000019@,72.93234711880531,0.452683187944683
hackkaaa1n1@,62.5134403875474,0.9508670233206912
Ehhcckkaaaaaaa*,78.14180048443424,0.9352248124519477
Ahycerr222*,57.30398702191845,0.9450175317492309
Phhangnraann108,78.14180048443424,0.9513003525649154
7777lllleeee772,78.14180048443424,0.23304908478350253
Pninja,31.2567201937737,0.4596806358533557
lllllllllleeeee,78.14180048443424,0.47505705379350266
llllllleeeeeee2,78.14180048443424,0.9402794472887904
kkhyper2$,46.88508029066055,0.953405611687438
Thaeer2!,41.6756269250316,0.1175428745910194
Ahyperr2,41.6756269250316,0.060564596873125515
Ahhycerr77!,57.30398702191845,0.45138808786776474
Elinjj114$,52.0945336562895,0.23671545388005608
Ehaccaaaann1114,78.14180048443424,0.9507393704643383
Thacc7r122*%,62.5134403875474,0.9415648148409053
7777l777kkg222T,78.14180048443424,0.9416001897130365
khynera2*,46.88508029066055,0.24325159500809615
Pcyeer2$,41.6756269250316,0.46140573619233827
Ehhacccaaaa1108,78.14180048443424,0.45754234404603494
eeeee7777772213,78.14180048443424,0.45954894785577466
Thyppr,31.2567201937737,0.9513380124508646
Tninjjj*,41.6756269250316,0.24374596118676276
lllllllleke77mm,78.14180048443424,0.1141712331111875
Ananj221!,46.88508029066055,0.45608003843483524
T4inj1o,36.466173559402655,0.9488376750448029
Phackkkaaaaa@,67.72289375317635,0.9531250408204304
Thaccc1100@,57.30398702191845,0.932951917528244
Aninj77$,41.6756269250316,0.02998838448797288
Phacccrrmanaaa4,78.14180048443424,0.9352780476619594
Thacccrr110*!,67.72289375317635,0.24510078693959858
Thyeer777*,52.0945336562895,0.4602307623020298
kpppp,26.04726682814475,0.2441292075645879
lli4kermmm*,57.30398702191845,0.4576976021057655
Phacj1112@,52.0945336562895,0.9441708271516032
lllllceeeee1111,78.14180048443424,0.47515418751717875
lleeee77770118,72.93234711880531,0.47515415666095545
Abint70000**,62.5134403875474,0.4575428239114652
Ehaccaaamna11*$,78.14180048443424,0.4513722883616694
777ppyypkk,52.0945336562895,0.0019191152036840185
!ccccer02!,52.0945336562895,0.9485496582851048
Phackerran77,62.5134403875474,0.4596465000901274
Thacca100!,52.0945336562895,0.12093557798109926
P4ingo111*,52.0945336562895,0.9175112054314564
Ehackkrrmn11111,78.14180048443424,0.9498856912526041
Ehacckrrman77*,72.93234711880531,0.9507259514529107
Phaceer00@,52.0945336562895,0.4599210857350995
7hhi4k777a@,57.30398702191845,0.24191871644475926
Pninja,31.2567201937737,0.4596806358533557
Eh4ceerrmmmaaa@,78.14180048443424,0.4615943351271952
Ehackermmm1111@,78.14180048443424,0.9290949761911168
Pninjaa774*,57.30398702191845,0.4575453817408815
Pcacbb000038*,67.72289375317635,0.2419225860964992
77ii77kkko4,57.30398702191845,0.9155841813698381
llllieeee2228@,72.93234711880531,0.9351260790439223
Thyccrr1!,46.88508029066055,0.9490090604454554
Ehhack700099@,67.72289375317635,0.4527959721407675
777777777ggggee,78.14180048443424,0.9446794379378474
Ahynerran777774,78.14180048443424,0.9489938511962779
77777777777777i,78.14180048443424,0.9508623817652123
Ehanccaaa108@,67.72289375317635,0.9438581679849647
Pleeet2!,41.6756269250316,0.9515583243919828
777777777llyekk,78.14180048443424,0.014643757134884609
Elhcckrra1108$,72.93234711880531,0.9485107370494233
Ehaccrrr1@,52.0945336562895,0.47701966549332564
7777777777yypkk,78.14180048443424,0.014943799078727765
Aninjj,31.2567201937737,0.9507009509607944
Ahycerr12*,52.0945336562895,0.9416572650780763
Thaccc1000!,57.30398702191845,0.4574437949459351
Aninja2,36.466173559402655,0.9512320152312163
Pcccc1f!,41.6756269250316,0.9424914301961003
nnnnnnnjjjo0001,78.14180048443424,0.9442906453834121
7777kkk,36.466173559402655,7.485867022021509e-06
Anajj2$,36.466173559402655,0.9351994675503051
Ahhackkkmman,62.5134403875474,0.9507569150750855
Ehackeraaaaaa*@,78.14180048443424,0.9488726944366814
eeeeeeeeg777200,78.14180048443424,0.9446799549767825
7777777kk7722T,72.93234711880531,0.4771433650644929
Pninja000*,52.0945336562895,0.4574525581367587
Ehacccaaaan@,62.5134403875474,0.9146492730778201
Ahhnnnran00001$,78.14180048443424,0.9176112142323102
Eninga0000*,57.30398702191845,0.2358069162016458
77lllllleeeee7m,78.14180048443424,0.45963033914741913
Ehhackkaaaaaa11,78.14180048443424,0.9488816845285811
77i4k7777*,52.0945336562895,0.4611016844624675
777777kkk7722@,72.93234711880531,0.46141382277369736
7llliick77002@,72.93234711880531,0.951321605189828
Ehaccka111**,62.5134403875474,0.9506948425942738
iAiijj,31.2567201937737,0.2418907296869003
Ecacerr208%,57.30398702191845,0.9414705859969837
Ehannnra100*$,67.72289375317635,0.9512363610117942
777yfkk,36.466173559402655,0.9525326828896804
7h444k777aa@,62.5134403875474,0.2417805277876932
Ahikkerr$,46.88508029066055,0.457132921583311
Ehinkr111*$,57.30398702191845,0.2366362986989401
klyper,31.2567201937737,0.9291603418975968
Thinerr1$,46.88508029066055,0.951241104397803
llli4eer7mmm@,67.72289375317635,0.9507358864254124
kllllllllekeeem,78.14180048443424,0.9300096026649309
Ehhacckaaaaaaaa,78.14180048443424,0.9513585305884511
Thingo0000*,57.30398702191845,0.24502427864291332
hhykkk7ma@,52.0945336562895,0.4603153089800441
777777777geeeee,78.14180048443424,0.9441114454813444
Phipgo271*,52.0945336562895,0.935203321548958
sllis00000019@,72.93234711880531,0.9515295153765064
Aninj7777*$,57.30398702191845,0.9353234629026996
Phacce777$,52.0945336562895,0.4725379178886822
Elh4ckrra1118%,72.93234711880531,0.2360154391124045
Ahanej11@,46.88508029066055,0.9156196929038163
Thinjj118$,52.0945336562895,0.9452339015930025
Eh44kermmmm1@,67.72289375317635,0.4492211929400386
lllllllleeeeeem,78.14180048443424,0.9290391234415676
Pninjja123*,57.30398702191845,0.4602380990390842
Ahype777*,46.88508029066055,0.9516030766055175
7777llllllleeee,78.14180048443424,1.4819387596126105e-05
7ppyppp,36.466173559402655,0.4617808272750348
llllllek777mm@,72.93234711880531,0.1202928266178937
Ahynera777!,57.30398702191845,0.4615936386845169
Phhackrrani7!,67.72289375317635,0.9424693650305396
Elyck0009@!!!,67.72289375317635,0.23593088087790579
kkppppy4,41.6756269250316,0.4730038209598425
Thacccr100**,62.5134403875474,0.951376277752696
Ahyner777!,52.0945336562895,0.4513765127150682
7777777kkk,52.0945336562895,0.001919103224053156
m77ypkk,36.466173559402655,0.24321775232673667
Pbacer7778*,57.30398702191845,0.9507199079957827
AccAeng0000018$,78.14180048443424,0.459532612104808
Pcafer2,36.466173559402655,0.029849106838251326
777777777777nee,78.14180048443424,0.950638525765939
Ennacko00019@,67.72289375317635,0.4526103924358743
kyyper,31.2567201937737,0.2344568860108496
Aninjja*,41.6756269250316,0.23601167569528334
Ehh4ckraaa111,67.72289375317635,0.9353905292542548
Aninj7777*,52.0945336562895,0.9264183404367656
Ehhnnkrmann1101,78.14180048443424,0.9515425600543961
Ehhcckraaaa1*$,72.93234711880531,0.4726269763175684
Ahannnrnnn11111,78.14180048443424,0.23590480946985964
klyfj,26.04726682814475,0.9146532026578348
Ehhacckrmanna@,72.93234711880531,0.0037476248546645693
Ehnccco101@,57.30398702191845,0.9515466418419661
lli4ker1111@$,67.72289375317635,0.45971129749633527
Ahyperr77%,52.0945336562895,0.9353160975939565
Pninjj122$,52.0945336562895,0.24293164472359888
Pcacbb0008*,57.30398702191845,0.47261187487493483
eeelleeeeeeee22,78.14180048443424,0.9505363599129216
Pninja777*,52.0945336562895,0.9352083368958287
llllllllleeeeee,78.14180048443424,0.4754078621122133
rnajn774,41.6756269250316,0.47291582097684237
Abing7777!,52.0945336562895,0.45964640502807436
7hi4kk777*,52.0945336562895,0.4576974688186976
llh44eermmmmm@,72.93234711880531,0.9513376319246764
Phangrrmn0008@,72.93234711880531,0.9505981425861775
Aninja77!,46.88508029066055,0.45655488520759435
Ehhycker11188@,72.93234711880531,0.9334875686062304
kkhypee,36.466173559402655,0.9534526321826089
Thi4kk77mm@,57.30398702191845,0.9297505588698097
ahackkrraa77$,67.72289375317635,0.9531195659056197
Ahackerran7*,62.5134403875474,0.23685216652913885
Ehannrrmma114_,72.93234711880531,0.4527759699352763
7777lllleeee7mm,78.14180048443424,0.11345006658496475
llllick70009@,67.72289375317635,0.9490334950607088
77hy4k777,46.88508029066055,0.0009578444540469083
Ahycerr!,41.6756269250316,0.0605645968965082
77777777ekkk7r2,78.14180048443424,0.9499071387221136
77lllleeeeee722,78.14180048443424,0.9403850661001996
777pp,26.04726682814475,0.4617821457904138
Ehhackeraaaaa11,78.14180048443424,0.46015239632023275
77777eeeeeeeeee,78.14180048443424,0.9446799228952399
Thyper100*!,57.30398702191845,0.11753672485506834
Thacca100*%,57.30398702191845,0.9449903800638633
lh44eerrmmaaam@,78.14180048443424,0.9504589934182414
kkyyerr,36.466173559402655,0.23352168483831096
klllllleeeeeemm,78.14180048443424,0.11211644768604943
nnniiiee720001@,78.14180048443424,0.4600399435587079
llllllleeeeeem2,78.14180048443424,0.9405594480444266
7gggg77eeeeeee2,78.14180048443424,0.9402806675747916
Pbieeo000$,52.0945336562895,0.9424989685908504
Ahackkrman77*,67.72289375317635,0.9497080135137281
mllinkko111%,62.5134403875474,0.9291213884824464
Pcyeero77@,52.0945336562895,0.060402187635390625
Eh44eermma1@,62.5134403875474,0.2334784806520844
Ehaccrr003*@,62.5134403875474,0.9504846553473293
777llllllleekee,78.14180048443424,0.9439024831026547
llllllllleeeeee,78.14180048443424,0.4754078621122133
77lllllllleeeee,78.14180048443424,0.9442133654430623
ogg7777*,41.6756269250316,0.9329487964525242
Ehackkrammann1@,78.14180048443424,0.943998570798436
77777777kkkrr,67.72289375317635,0.9260122085427175
Ehacckrran1aa@,72.93234711880531,0.950692322882205
khhikkk7,41.6756269250316,0.950909069515294
7777777kk7222T,72.93234711880531,0.4771433768213016
Ehhcckaaaaaaa@,72.93234711880531,0.9450965743552172
Acacer2%,41.6756269250316,0.9450958429014197
Ahype2777!,52.0945336562895,0.45137641210050894
llh44eermmmm@,67.72289375317635,0.9490334271934794
Ahackerra7777@,72.93234711880531,0.4564797167041303
Ahackkrra77,57.30398702191845,0.9353009562272816
Pninja277!,52.0945336562895,0.2429228252716871
777nnnnnnnnneee,78.14180048443424,1.4819399990745968e-05
k777777kkk722!!,78.14180048443424,0.9507732283726534
nnnnnnnegoo0001,78.14180048443424,0.4754572730306176
Ehinnnra1001*,67.72289375317635,0.4540485099891919
Thycerr103,52.0945336562895,0.4513852994659569
k7lllllkkk7222@,78.14180048443424,0.9507440169688718
77lllll7eeee720,78.14180048443424,0.4770967871675503
Thycerr123!,57.30398702191845,0.951526949922059
Ehanerrr00008@,72.93234711880531,0.4578127523777668
Tcaccr10@,46.88508029066055,0.24293010457145428
lhinkrr111@,57.30398702191845,0.4616094070992489
Aleeer77,41.6756269250316,0.4770211691915288
lllli4kk7mmm,62.5134403875474,0.11344794607196115
Thacc777aaaa1*,72.93234711880531,0.9425365201128
innnnnnnnnggeee,78.14180048443424,0.9512409424169853
lha4kk7aaaaa*,67.72289375317635,0.9265581158084695
77777777kk7728*,78.14180048443424,0.059892969788659114
Ahape7777!,52.0945336562895,0.451376536581396
Ahackkrr,41.6756269250316,0.47246261682785
Anijj22,36.466173559402655,0.9511127375369148
Phhyceerr,46.88508029066055,0.06046873095532849
llllllleeeeee22,78.14180048443424,0.9404870340515196
Aninjr2208@,57.30398702191845,0.9529209282339397
llll4eeermmmmm,72.93234711880531,0.2450867295873244
Pnhnnjj1123$,62.5134403875474,0.9507051211314144
Eh44kemm111@,62.5134403875474,0.47698677872455675
Ehhinknraan118*,78.14180048443424,0.23666658260349854
Ehhackeaaaa108,72.93234711880531,0.12027119875431357
mmp,15.62836009688685,0.4611017115383746
Aning121!,46.88508029066055,0.4563250834902476
2ppinjjj,41.6756269250316,0.2353571597685937
Thhanero222@,62.5134403875474,0.46160710841760855
Eh4nkr1114@,57.30398702191845,0.0009456069714887183
Thacc777aa*@,62.5134403875474,0.9206213704956309
Ehhyceeraaaa@,67.72289375317635,0.9427553747309831
Ahacckrr22,52.0945336562895,0.9513212785229989
khhi4k7219@@,62.5134403875474,0.23348005938044447
Ahyper777!,52.0945336562895,0.45137638655985163
77kkkkkkkk,52.0945336562895,0.0019182853912488968
Eh44ke11m@,52.0945336562895,0.000949262414021711
Eninjrr1m2@,57.30398702191845,0.9146968804678329
klyper,31.2567201937737,0.9291603418975968
7777llllleeeee7,78.14180048443424,0.9513266380274333
lhinkr111*$,57.30398702191845,0.9291525170724197
7llllleke7222@T,78.14180048443424,0.2359308512889859
77777777*@,52.0945336562895,0.4527810909202602
Ehyckk7mmmmm@,67.72289375317635,0.44981192374933204
kkypprr,36.466173559402655,0.9297236100743747
llllllcke72000@,78.14180048443424,0.24284596719568324
lhi4e7114*!,57.30398702191845,0.9294363219371564
Appppj,31.2567201937737,0.47263386629235443
Pninjaa$,41.6756269250316,0.06070089845501282
Theeer2$,41.6756269250316,0.9526513679093233
mpppypk7722,57.30398702191845,0.46924651351526864
nnnnnnnneeeeeo2,78.14180048443424,0.9404327461158679
Ehaccer108@,57.30398702191845,0.9203352227709123
Ehackeraaaaaaa1,78.14180048443424,0.948545210405031
Thyeeo777!,52.0945336562895,0.9202392037998204
Ellackka11@!,62.5134403875474,0.9329580396043413
Ehacckaaaaaaa*@,78.14180048443424,0.9438845665030822
lllllllleke7722,78.14180048443424,0.23446212997042545
Ehackkrrmanaaa1,78.14180048443424,0.9353053553007585
kllllcckk7102@,72.93234711880531,0.9424601269378741
Ehinjj114@,52.0945336562895,0.45737614640757784
777777k772@,57.30398702191845,0.06037075887892251
Alajj,26.04726682814475,0.47261785251385663
777llleeeee7222,78.14180048443424,0.47505701547486967
77ii7k7*,41.6756269250316,0.24272618714240715
llii4k7111@,57.30398702191845,0.46137986292257527
Ahyper77$,46.88508029066055,0.4571605806553104
777p77kk7002!!,72.93234711880531,0.9438739815655084
Alppg,26.04726682814475,0.942315183253237
77iiii7kk7722,67.72289375317635,0.9433815652627717
Pninja21$,46.88508029066055,0.46154471618037357
Tleet7777,46.88508029066055,0.23593062689555477
Ahycerr@!,46.88508029066055,0.45655925877985093
Ahynera2*,46.88508029066055,0.9515195212785803
Ehhackkraann*,67.72289375317635,0.9486619267455144
kllllllekke7222,78.14180048443424,0.47551915278360535
bogann,31.2567201937737,0.9522704222397936
Pninn000000*,62.5134403875474,0.935036439084951
Thyper100!,52.0945336562895,0.12093549284787292
Aninja2*!,46.88508029066055,0.45655362035325425
nnnnnniggggoo20,78.14180048443424,0.953024646300548
Phhnngnrnnnaa00,78.14180048443424,0.11831206106188435
Thhickk0109@,62.5134403875474,0.9329444395003161
Ehhcckraaaaa110,78.14180048443424,0.9531448524609546
Ahyyerr2,41.6756269250316,0.4711437694348111
77777llllleeeee,78.14180048443424,0.9447924776761404
fppppek772@,57.30398702191845,0.9499965463408737
Ehackeraaaaaaa@,78.14180048443424,0.9488659710105091
lllllllleeeeee2,78.14180048443424,0.9402794472887904
Pninjaa$,41.6756269250316,0.06070089845501282
Tcacer00008*,62.5134403875474,0.24526155444216602
lllllceeer20002,78.14180048443424,0.4769788177047963
Ehacccrrn7*,57.30398702191845,0.4560788549866535
777777777lyypkk,78.14180048443424,0.015175071966812647
Pcacc112!,46.88508029066055,0.4592135337996129
lhi4k77111@,57.30398702191845,0.4616094073141505
Eh4ckermmmm11*,72.93234711880531,0.9488591585916523
khhykk77@,46.88508029066055,0.4724635169502377
Ahyper112*!,57.30398702191845,0.47263434274010196
Ahaccerrnn0,57.30398702191845,0.4711736320656921
Abingo111%,52.0945336562895,0.9506705736930338
nnnnnnnjjj20!!,72.93234711880531,0.00047583070653607693
Thacbrr000%,57.30398702191845,0.9451204633056087
llllllckkee7222,78.14180048443424,0.9154797510027519
Ehackkaaa1111*@,78.14180048443424,0.11205356599950933
clhlcckr00008@,72.93234711880531,0.06057359373671969
Pbinjaa000**,62.5134403875474,0.4596453446508445
Phhyceer2@,52.0945336562895,0.9441705097686622
777ggggggggeeee,78.14180048443424,1.4821015783479691e-05
Thacerr777777$,72.93234711880531,0.9487861674631108
Ehinkrr1111@,62.5134403875474,0.9515464698545962
chhackerc1118@,72.93234711880531,0.9513218305493667
Pcaler77088@4,67.72289375317635,0.9416250172795142
Ehackeraaaaaaa*,78.14180048443424,0.9351990435897128
Ehackkrmmma101$,78.14180048443424,0.9513855550296951
Thack7708*,52.0945336562895,0.4614941705925704
ll44kermmm@,57.30398702191845,0.9489233038670789
biaajn,31.2567201937737,0.11322497706427166
Ahyper777,46.88508029066055,0.9352964858940797
777ii7kkkgoo2TT,78.14180048443424,0.45655799981165707
Ahaccccrrn,52.0945336562895,0.45951155409396466
Thinj711*,46.88508029066055,0.4710178884735615
Ahypea7777$,57.30398702191845,0.47262216158198744
lllllllekkeemmm,78.14180048443424,0.9505937010091898
Ahyyerr777$,57.30398702191845,0.4726221614219887
Aninja21$,46.88508029066055,0.45704342579205626
77777777kkkr,62.5134403875474,0.9254281586512673
Ehackermnnn1111,78.14180048443424,0.9531794595447731
lll44krr118$,62.5134403875474,0.06019540447634784
Thacccer23!,57.30398702191845,0.9425338374970647
7777777kkkkk772,78.14180048443424,0.23304911858419744
Ehackkrmanaaaaa,78.14180048443424,0.9526764959166948
Phyper0000*,57.30398702191845,0.030072522672932013
Abingo101!,52.0945336562895,0.03006603218602402
7llllicee72001@,78.14180048443424,0.9424294880466667
T4y4j,26.04726682814475,0.9512309843400265
Ahaceer1n00!,62.5134403875474,0.94244939400599
Aninnr1a0$,52.0945336562895,0.9353467265955997
Tll4e7799_4,57.30398702191845,0.4596512198493558
lh44ke1m11@,57.30398702191845,0.9513168783738803
Ehhackkraaaaaaa,78.14180048443424,0.9513490176650736
kllpeee777!,57.30398702191845,0.06047633684358936
Elincto111@,57.30398702191845,0.9334108644349637
Thynja22!,46.88508029066055,0.9488819079501107
Pcccert!,41.6756269250316,0.4592964382012731
Ehacknnaan108@,72.93234711880531,0.23520083597786073
Phacerr11008@,67.72289375317635,0.059601272451217525
Phanerr1008*,62.5134403875474,0.9514020906722408
Thickrr22!,52.0945336562895,0.9506358989211803
Thacca100@,52.0945336562895,0.9265947120132529
nggnnnng7770000,78.14180048443424,0.4754092326363178
Ehinnra1234*,62.5134403875474,0.459636762464674
Phackrrrm23@,62.5134403875474,0.9529818040750107
AAleeg77,41.6756269250316,0.9505935454600218
777llllleeeeee7,78.14180048443424,0.9442133054755371
kkyyppr,36.466173559402655,0.9296283379656406
Arpapnn,36.466173559402655,0.950702651927642
khhhickk7202!,67.72289375317635,0.24280245200951223
Ehacckaammnn111,78.14180048443424,0.9513486547531068
Annnnjj000!,57.30398702191845,0.9513759392960709
lllllleeee22222,78.14180048443424,0.9508653492236167
Aning777!,46.88508029066055,0.4562886087859131
fppapk7708!,57.30398702191845,0.9427488899014617
clcce000098@,62.5134403875474,0.47113228162151044
Phacccrr110,57.30398702191845,0.45405219675424435
777777777kkkkk2,78.14180048443424,0.23357334860341938
Aning2$,36.466173559402655,0.9515189942174205
Eh44kermm111@,67.72289375317635,0.44922100866526293
hi4j*,26.04726682814475,0.45782465054113697
Enanjaa119@,57.30398702191845,0.015198080640966265
Ahannnrannn1111,78.14180048443424,0.11753559814493195
Ahyeer2!,41.6756269250316,0.9415477308053222
lllllllllleeeee,78.14180048443424,0.47505705379350266
Ehhckkraa4@,57.30398702191845,0.45353811370264013
Phaceer123@,57.30398702191845,0.9530128388230642
Thycerr24%,52.0945336562895,0.1203901634707924
Tbleee7778%,57.30398702191845,0.9202326876182313
bbbbee22224,57.30398702191845,0.4556949719443825
7lllllckk7722@,72.93234711880531,0.9489120479910494
Pcaccc1003*,57.30398702191845,0.4724590816244477
llllllceeeemmmm,78.14180048443424,0.11200394931704669
Thyper@,36.466173559402655,0.9297475723140567
A4i4j,26.04726682814475,0.4724365366265084
Ahyperr!,41.6756269250316,0.9423150488555623
lhi4k7118@,52.0945336562895,0.9512049008023267
Phacckrr22**,62.5134403875474,0.47712092768213543
Ehackkrrmn1111*,78.14180048443424,0.9507472706545269
Tninj,26.04726682814475,0.9515262185566958
klllyckk7722@,67.72289375317635,0.45715412595815125
llli4eerr144@,67.72289375317635,0.45268413662149304
Ehycenaaaaaaa18,78.14180048443424,0.9500728177182199
llllllllleeeeee,78.14180048443424,0.4754078621122133
77777777kkkk77T,78.14180048443424,0.23596289451342756
llh4ckercc1111@,78.14180048443424,0.46005556178021956
Ehackkraa1111@,72.93234711880531,0.45386476668231246
Alpppg,31.2567201937737,0.47712252928788595
clllcckero1000@,78.14180048443424,0.9507536429259859
Thykkkrr,41.6756269250316,0.4615402506374379
Ahycerr2!,46.88508029066055,0.45647584556460125
AAniaj777%,52.0945336562895,0.45968193763431286
Thaccee17@,52.0945336562895,0.1207706476899336
lh44eermmmmm@,67.72289375317635,0.4574615309884325
Ehackcaaaa1101@,78.14180048443424,0.95108973941349
Thinjr,31.2567201937737,0.45732441912998656
7lllllleke7200@,78.14180048443424,0.060263210433772994
Thaccr107@,52.0945336562895,0.12077076041737114
Thynera12_,52.0945336562895,0.9481169374691022
Ehaccrr1100,57.30398702191845,0.9513861191940952
Phacckrrann7@,67.72289375317635,0.4599442393685488
Ehhacccaaaaaaaa,78.14180048443424,0.12026975846772088
Ehhackkaaaaaa11,78.14180048443424,0.9488816845285811
Pcacee123,46.88508029066055,0.2360112531283118
Elinkra111@,57.30398702191845,0.933410864436222
mp777kkk,41.6756269250316,0.24334852751350747
77777kk709@,57.30398702191845,0.9512488383756028
Thacckrr110,57.30398702191845,0.9507565100617216
Tleeto,31.2567201937737,0.9350545070704269
k7lllickkk222!,72.93234711880531,0.9441926067486759
rrajnn,31.2567201937737,0.00379357222329092
Ahyceeran777*$,72.93234711880531,0.4710644437074994
Tnintro203@,57.30398702191845,0.47300375170813014
Aninja777,46.88508029066055,0.9351996898938144
lh44eermmm1@,62.5134403875474,0.9489766191749367
Ahhackkeran,57.30398702191845,0.45968057602148565
Ehaccc11ra1101$,78.14180048443424,0.4602378724417278
Ahackerr,41.6756269250316,0.9514017450646652
AAoognn77770018,78.14180048443424,0.9507548311450439
77777llleeeeeee,78.14180048443424,0.9515333493897561
Ahackkrrma2$,62.5134403875474,0.9416056341170604
Ehhackkraaa11@,72.93234711880531,0.9200332619961281
mmpp,20.8378134625158,0.0018911543357119098
lllllllleeeeemm,78.14180048443424,0.9296303998170343
Pcaeer1008@,57.30398702191845,0.2430291297008615
Pbybeo10!,46.88508029066055,0.45929659971025777
kkhhi4kk722@,62.5134403875474,0.06066179014948569
Ehaccckrmnn1*,67.72289375317635,0.9500416297830123
Phaccee10@,52.0945336562895,0.45992272430459896
kklyfjj7,41.6756269250316,0.06029807634830923
Phackera000@,62.5134403875474,0.9442729033807857
Pbibeoo008*,57.30398702191845,0.935180411154175
Ehaccaaayma10*$,78.14180048443424,0.920288147760321
Pcanerr00008$,67.72289375317635,0.46005008012336734
Phhackeran7@,62.5134403875474,0.9489781371367296
Phhackrm22@,57.30398702191845,0.944191581989237
hackkkrra2,52.0945336562895,0.11365140106392631
Ahyper27!,46.88508029066055,0.45654494370048615
7ggggggeeeeeeee,78.14180048443424,0.23315104503657733
7777777kkg222T,72.93234711880531,0.45275221486130157
lhi4kermmaa1@,67.72289375317635,0.920239206295205
Elyce00019@,57.30398702191845,0.47300250036617153
Ahacckrman111!,72.93234711880531,0.9512130336900223
Ahape277*,46.88508029066055,0.9516100029944512
77777777777777e,78.14180048443424,0.9442081364969301
Anint221*,46.88508029066055,0.9514844540920615
777lllllkkk72m*,78.14180048443424,0.4694716898623546
Ahyceerann777*,72.93234711880531,0.9507702401231231
Thyyerr2%,46.88508029066055,0.4591110847570983
Ahinjjr$,41.6756269250316,0.11955183842195782
Pcabe0000019*T3,78.14180048443424,0.9515426367904909
AAAccber2222*,67.72289375317635,0.4769779222452069
llleeee7700018@,78.14180048443424,0.935213412170476
Pninj1112$,52.0945336562895,0.24293168636138007
lli44k7714@,57.30398702191845,0.46141638900206394
Pcacer2038@,57.30398702191845,0.4571308025143251
llleeee7000011@,78.14180048443424,0.4592709142780844
Ehackkkaaaaaaaa,78.14180048443424,0.45745746642946555
lllllcckeero100,78.14180048443424,0.9260444158477873
lllllleee7222@@,78.14180048443424,0.9507375806051473
Thacc7aaaaaa*@,72.93234711880531,0.936486594043691
Phaccckrr1n*,62.5134403875474,0.9526788368097113
Elh4ckerammm@,67.72289375317635,0.9439033103117352
hi4j$,26.04726682814475,0.9266492546128194
llllileer7mmmm,72.93234711880531,0.9349657039081306
77llllleeee7220,78.14180048443424,0.4572420555882198
Ahycerr@!,46.88508029066055,0.45655925877985093
Elinkr114$,52.0945336562895,0.23671521991311376
Appppg,31.2567201937737,0.9424342464589623
lllllllee777mm@,78.14180048443424,0.9175035146732093
Phackrro000!,62.5134403875474,0.4726343243851352
Tlinj714@,46.88508029066055,0.24268979391495052
lllllllleeeeemm,78.14180048443424,0.9296303998170343
Tninjaa*,41.6756269250316,0.2435756237168343
k7iyker,36.466173559402655,0.2443149657583733
kbi4era@,41.6756269250316,0.9504271143958125
777777kkk772,62.5134403875474,0.45738218693242116
Ehacckkrman7*!,72.93234711880531,0.060428826829293625
kkhyper,36.466173559402655,0.9156038528957654
Thinjr11@,46.88508029066055,0.24270520442945853
7777777kkkkk,62.5134403875474,2.9209264540394724e-08
7777llllllleeee,78.14180048443424,1.4819387596126105e-05
Pninja@,36.466173559402655,0.9507159044714558
Ehackkramnnn118,78.14180048443424,0.9504803140973024
Apppg,26.04726682814475,0.9424342465198657
Abint110*,46.88508029066055,0.9515770860549833
Ehacckaaaaaaaaa,78.14180048443424,0.9425379935071514
llllllllleeeemm,78.14180048443424,0.9153755998404975
Eh4nkermm111*$,72.93234711880531,0.4593000131221873
Alleepp,36.466173559402655,0.9485526574115574
khypk7r,36.466173559402655,0.9499587820286888
Aninj7*$,41.6756269250316,0.4601138855846066
Ahyper777,46.88508029066055,0.9352964858940797
Elllcckra10%,62.5134403875474,0.23580316517969016
llllllleeee7222,78.14180048443424,1.4734165537712144e-05
Tbceee7708,52.0945336562895,0.9514222997284725
Ehackerrnaaa*,67.72289375317635,0.4526797694112317
Pninjj1123*,57.30398702191845,0.460238099586449
777lllyfkkkr2,67.72289375317635,0.9355224717215571
7hi4k777mm@,57.30398702191845,0.9424490197268192
Ehanennna100@,67.72289375317635,0.9141542934123791
Ehhyper008!,57.30398702191845,0.1175433218428654
nnnnnjj00!,52.0945336562895,0.06033403145158272
0hackra1111*@,67.72289375317635,0.9202478259152534
Ehaccaaaaran11*,78.14180048443424,0.9526526001439715
777,15.62836009688685,1.4690937045178306e-05
Eninjrrm12@,57.30398702191845,0.9333896070142369
llll44eermmmmm,72.93234711880531,0.9442628186122275
iiinnnnnggggge2,78.14180048443424,0.01532192537129517
Pcacer12%,46.88508029066055,0.9489778334262221
Phhaceeran7,57.30398702191845,0.935372087234703
hhckk77aaaaa@,67.72289375317635,0.06039624192351615
Ehacckrr1nn,57.30398702191845,0.4597810733036935
llllleeermmmmmm,78.14180048443424,0.953417601395282
Tllace779*!,57.30398702191845,0.9453072365514658
Ahyyerr0!,46.88508029066055,0.4564743885576227
llllickk7002%,67.72289375317635,0.4587711160442769
77llllllleeeee7,78.14180048443424,0.0019130211190429998
Ahyper77*,46.88508029066055,0.9514766143665807
Alppppj,36.466173559402655,0.47241272928760353
Tbingo777%,52.0945336562895,0.457544944930424
777llllllekee7m,78.14180048443424,0.1132329520291673
m!pinjj000!,57.30398702191845,0.45398005185345036
Ecacer00019*TT3,78.14180048443424,0.9442551855763627
777llllleeeeeee,78.14180048443424,1.4841510932058896e-05
77777pppk,46.88508029066055,0.4770226126159449
Thyyer,31.2567201937737,0.4726338798011241
Ehhackk7maaa@,67.72289375317635,0.9499880280893851
Pcyle77778*,57.30398702191845,0.95075832443826
Pcccfer!,41.6756269250316,0.23599146119974618
AAbingr000008$,72.93234711880531,0.939740014036191
7777777777i4kkr,78.14180048443424,0.4615845490357424
Pccfeee!,41.6756269250316,0.2450813071347129
Elllick70009%,67.72289375317635,0.23673972206775537
llleek700098@,67.72289375317635,0.9506000654250722
eeelllllllleeee,78.14180048443424,1.7324193300005749e-15
fpppppk777!,57.30398702191845,0.003804925187696009
Ehaccaaaaman**,72.93234711880531,0.9353003995990229
Tlingo2!,41.6756269250316,0.45754356403484525
Elinjr111@,52.0945336562895,0.9530039733315075
Ehacckaaaman1**,78.14180048443424,0.9531812715270588
Th4nnnnaj,46.88508029066055,0.9512183630969698
Ahank7711$,52.0945336562895,0.11754377095578256
oaa,15.62836009688685,0.95106592197096
7hi4kkkk,41.6756269250316,0.9365007875505656
Thaccr10008*4,67.72289375317635,0.029982394144156915
chhcckr01111@,67.72289375317635,0.45927090707666113
Ehacknrann11111,78.14180048443424,0.9505716726781092
Afppepe77,46.88508029066055,0.935387807685507
Phaccckrm1n0@,67.72289375317635,0.12005945451656913
2777777k,41.6756269250316,0.45728701596966376
khhyykk7702%,62.5134403875474,0.9355186334607207
Thacccrr1@,52.0945336562895,0.47299792687138364
Aleet777!,46.88508029066055,0.4565553467687626
llliink72228@,67.72289375317635,0.06027372600957006
Ehanerrmnnnaaa2,78.14180048443424,0.45592306941896543
Tninjj11$,46.88508029066055,0.9510932524965796
Ahappr22,41.6756269250316,0.4771231476753977
Ehackkrammaaa11,78.14180048443424,0.949877070529087
777777ypkkk,57.30398702191845,7.4849678069131394e-06
Abingo00,41.6756269250316,0.9508359311961793
Ehanccaaa108@,67.72289375317635,0.9438581679849647
Phackkaa1118@,67.72289375317635,0.9446909658814023
Ahacerr10@!,57.30398702191845,0.9414732022203638
Thaccc110!,52.0945336562895,0.12093547148998486
!!lcfee77!,52.0945336562895,0.9534176829434553
Pcacce10!,46.88508029066055,0.4592938919896652
AAigggn,36.466173559402655,0.4600812461903063
7777777ekk7rrr,72.93234711880531,0.003765939755511505
7hi4k7777*,52.0945336562895,0.45769727227784457
Phaccc000@,52.0945336562895,0.4599209801135838
ninj718@,41.6756269250316,0.2435840015895853
Ahyperr27$,52.0945336562895,0.4770214619457674
Ahyper777!,52.0945336562895,0.45137638655985163
Aninja@,36.466173559402655,0.9355322012035785
Ehaceerran777*,72.93234711880531,0.45137659346141945
Thaccca100@,57.30398702191845,0.9329519174555242
Ehacckrrrannn11,78.14180048443424,0.9352358749896734
Ehacccrrrnn0%,67.72289375317635,0.45925502165648424
Ehhcckkraaaaaaa,78.14180048443424,0.9513490141302589
llllcckkec1110@,78.14180048443424,0.12096801352685728
Tninjaa@,41.6756269250316,0.45877687795672356
lllllnckeooo22@,78.14180048443424,0.06057312831649375
Thackrr1224*,62.5134403875474,0.9450559371057574
777777kkkk,52.0945336562895,0.0019182853913830157
klllllckk7722@,72.93234711880531,0.95132470229395
Ehhickkraaa111*,78.14180048443424,0.951416342363993
rla47777*,46.88508029066055,0.9530034816518801
Thicer122@,52.0945336562895,0.2450122683885231
Thyper22,41.6756269250316,0.0603011712382939
Phacckaaaaaaa*,72.93234711880531,0.4597645387586372
777777kkkk77222,78.14180048443424,7.376321741858055e-06
Ehhcckrrc1108@,72.93234711880531,0.11223493165764883
mmpp4pp,36.466173559402655,0.457259582814194
AAinjjn,36.466173559402655,0.9505738457905194
Ehhnnkraanna111,78.14180048443424,0.9512122309217129
Tletg2*,36.466173559402655,0.9511869069800641
7hi4k777aaa@,62.5134403875474,0.9353028235422038
hhackkkaaa@,57.30398702191845,0.2417565738235183
777nnnnnnnjjjj0,78.14180048443424,0.9508653406345337
Ahyceernn00,57.30398702191845,0.029410660634970557
Phaccr1100!,57.30398702191845,0.9450056258148108
Ahynena77777*,67.72289375317635,0.23675046314986026
Ellyckrro1008@,72.93234711880531,0.943341946147596
Pcaccc1003*,57.30398702191845,0.4724590816244477
k77i4k777,46.88508029066055,0.47711559772937195
Ahyckrr22*,52.0945336562895,0.9416562648116615
Thaccc0110!,57.30398702191845,0.9513848799297379
777ypk,31.2567201937737,0.24415717093865055
kllllllkke72222,78.14180048443424,0.9513266168907641
Alpan7777@,52.0945336562895,0.11418308352174439
Pninja000*,52.0945336562895,0.4574525581367587
lllllcckeecc110,78.14180048443424,0.9291501229013487
Pccyeer2!,46.88508029066055,0.45929998925269905
Ehacgnrmnn00014,78.14180048443424,0.9515688999590243
Ehhackko1119@,67.72289375317635,0.9405866716875371
7nnnnnnnjjjj200,78.14180048443424,0.9515309921760834
kkyypp,31.2567201937737,0.0009539182013591097
